1e886677-dafd-4d88-abfd-d39b33000ae4	t_param_backtest_product_result_cache	INSERT INTO `t_param_backtest_product_result_cache` (`id`, `batch_id`, `cache_key`, `result_json`, `returns_json`, `source_task_id`, `source_step_index`, `created_at`) VALUES 
01158f3c-cbcf-4b93-bef1-718f9f5a55f3	t_param_backtest_sheet_run_locks	INSERT INTO `t_param_backtest_sheet_run_locks` (`id`, `spreadsheet_id`, `task_id`, `task_type`, `created_at`, `updated_at`) VALUES 
6e98547c-30a6-4d57-b9ab-5230fbc53aa2	t_param_google_sheet	INSERT INTO `t_param_google_sheet` (`id`, `name`, `spreadsheet_id`, `table_type`, `registry_scope`, `remark`, `is_active`, `is_in_use`, `current_task_id`, `created_at`, `updated_at`) VALUES 
6baa8a0b-2abf-4616-bd53-22d315413ea5	t_param_google_sheet_tokens	INSERT INTO `t_param_google_sheet_tokens` (`id`, `name`, `task_type`, `token_file`, `token_context`, `task_usage_count`, `current_in_use_count`, `max_usage_count`, `is_active`, `last_used_at`, `created_at`, `updated_at`) VALUES 
13581a97-d0e3-4774-8533-5dbd29f61dc3	t_param_navigation_menu_items	INSERT INTO `t_param_navigation_menu_items` (`id`, `key`, `label`, `path`, `permission`, `parent_key`, `sort_order`, `is_visible`, `created_at`, `updated_at`) VALUES 
1f1595a7-60fd-4b26-a405-0a1e9023108b	t_param_permission	INSERT INTO `t_param_permission` (`id`, `name`, `code`, `group`, `description`, `route_path`) VALUES 
905bcc93-b4e1-45c3-9765-cd5597bda4ab	t_param_role	INSERT INTO `t_param_role` (`id`, `name`, `code`, `description`, `is_system`) VALUES 
166dbd0c-3211-4c73-bc28-a573e36f5782	t_param_role_permissions	INSERT INTO `t_param_role_permissions` (`role_id`, `permission_id`) VALUES 
4eb2202b-cd09-4a59-a82f-187b42400285	t_param_scheduled_tasks	INSERT INTO `t_param_scheduled_tasks` (`id`, `name`, `description`, `cron_expression`, `task_type`, `task_function`, `task_params`, `is_active`, `last_run_time`, `next_run_time`, `run_count`, `is_running`, `running_instance_id`, `created_at`, `updated_at`) VALUES 
e76132ed-da9d-4432-bf02-224da7785ca8	t_param_stock_metadata	INSERT INTO `t_param_stock_metadata` (`id`, `stock_code`, `stock_name`, `market_type`, `exchange_market`, `security_type_name`, `source`, `raw_json`, `created_at`, `updated_at`) VALUES 
f70163af-87b3-4532-9555-1137ab80aa56	t_param_system_configs	INSERT INTO `t_param_system_configs` (`id`, `key`, `value`, `description`, `created_at`, `updated_at`) VALUES 
5c66c28f-26f7-4810-8ce2-de82c15fefd4	t_param_task_logs	INSERT INTO `t_param_task_logs` (`id`, `task_id`, `level`, `message`, `timestamp`) VALUES 
53d9c336-dd42-4239-b98d-0cb4d86047f8	t_param_task_result_summary_index	INSERT INTO `t_param_task_result_summary_index` (`id`, `task_id`, `task_result_id`, `task_type`, `task_name`, `stock_code`, `stock_name`, `market_type`, `model_key`, `model_name`, `year_label`, `period_key`, `kline_range`, `parameter_summary`, `best_metric_name`, `best_metric_value`, `metrics_json`, `is_best`, `result_timestamp`, `created_at`, `updated_at`) VALUES 
9b843760-581f-4f83-aaaf-02d0d77a8fe2	t_param_task_results	INSERT INTO `t_param_task_results` (`id`, `task_id`, `step_index`, `parameters`, `result`, `return_series_id`, `success`, `error_message`, `timestamp`) VALUES 
4f4d497b-e419-4fa7-ac89-d90c91bbe066	t_param_task_results_return	INSERT INTO `t_param_task_results_return` (`id`, `task_id`, `stock_code`, `stock_name`, `start_return_date`, `end_return_date`, `return_length`, `stock_date`, `index_return`, `start_return`) VALUES 
9d73d652-a620-4b71-b77b-9aabc8c5bf97	t_param_task_templates	INSERT INTO `t_param_task_templates` (`id`, `name`, `description`, `config`, `created_at`, `updated_at`) VALUES 
5e3a1fee-fe00-4453-96e2-5bb2ae84b009	t_param_tasks	INSERT INTO `t_param_tasks` (`id`, `name`, `description`, `status`, `task_type`, `config`, `created_by_user_id`, `start_time`, `end_time`, `current_step`, `total_steps`, `error_message`, `created_at`, `updated_at`) VALUES 
59303e9a-e13e-4ab7-b357-fe370a0e913f	t_param_user	INSERT INTO `t_param_user` (`id`, `username`, `password_hash`, `mobile`, `is_active`, `is_alert_oncall`, `token_version`, `created_at`, `last_login`) VALUES 
10a7c5d4-ef72-4f36-a8f1-d5146851e4b2	t_param_user_roles	INSERT INTO `t_param_user_roles` (`user_id`, `role_id`) VALUES 
82c14dd1-74b9-41d5-85ec-181ff118f74b	t_param_xpl_analysis_jobs	INSERT INTO `t_param_xpl_analysis_jobs` (`id`, `task_id`, `task_result_id`, `return_series_id`, `status`, `attempts`, `max_attempts`, `locked_by`, `locked_at`, `started_at`, `finished_at`, `error_message`, `created_at`, `updated_at`) VALUES 
